{
 "Będzin": [
  50.308998107910156,
  19.141399383544922
 ],
 "Będzin Ksawera": [
  50.33060073852539,
  19.158100128173828
 ],
 "Będzin Miasto": [
  50.31890106201172,
  19.135499954223633
 ],
 "Chorzów Batory": [
  50.27835464477539,
  18.9448299407959
 ],
 "Chruszczobród": [
  50.40005874633789,
  19.32874870300293
 ],
 "Częstochowa": [
  50.808616638183594,
  19.12091827392578
 ],
 "Częstochowa Raków": [
  50.78799819946289,
  19.15519905090332
 ],
 "Dąbrowa Górnicza": [
  50.33024597167969,
  19.185365676879883
 ],
 "Dąbrowa Górnicza Gołonóg": [
  50.34400177001953,
  19.226200103759766
 ],
 "Dąbrowa Górnicza Sikorka": [
  50.388999938964844,
  19.298900604248047
 ],
 "Dąbrowa Górnicza Ząbkowice": [
  50.366512298583984,
  19.264646530151367
 ],
 "Gliwice": [
  50.301002502441406,
  18.67728042602539
 ],
 "Katowice": [
  50.2577018737793,
  19.01650047302246
 ],
 "Katowice Szopienice Południowe": [
  50.25899887084961,
  19.091699600219727
 ],
 "Katowice Zawodzie": [
  50.257450103759766,
  19.05730438232422
 ],
 "Katowice Załęże": [
  50.263301849365234,
  18.991300582885742
 ],
 "Korwinów": [
  50.7384033203125,
  19.176616668701172
 ],
 "Masłońskie Natalin": [
  50.6508903503418,
  19.253826141357422
 ],
 "Myszków": [
  50.5741081237793,
  19.329078674316406
 ],
 "Myszków Mrzygłód": [
  50.54350280761719,
  19.377351760864258
 ],
 "Myszków Nowa Wieś": [
  50.594947814941406,
  19.291259765625
 ],
 "Myszków Światowit": [
  50.56546401977539,
  19.359495162963867
 ],
 "Poraj": [
  50.67715835571289,
  19.21876335144043
 ],
 "Ruda Chebzie": [
  50.30390930175781,
  18.877792358398438
 ],
 "Ruda Śląska": [
  50.315914154052734,
  18.850833892822266
 ],
 "Sosnowiec Główny": [
  50.27909851074219,
  19.12645721435547
 ],
 "Wiesiółka": [
  50.41490173339844,
  19.34980010986328
 ],
 "Zabrze": [
  50.30530548095703,
  18.78714942932129
 ],
 "Zawiercie": [
  50.479854583740234,
  19.423337936401367
 ],
 "Zawiercie Borowe Pole": [
  50.51089859008789,
  19.398950576782227
 ],
 "Łazy": [
  50.430091857910156,
  19.392019271850586
 ],
 "Świętochłowice": [
  50.289058685302734,
  18.91819953918457
 ],
 "Żarki-Letnisko": [
  50.62361526489258,
  19.272520065307617
 ]
}